ventas_totales,ticket_promedio,clientes_atendidos,canal_venta,satisfaccion_cliente
5279156.0,98493.0,54,Página web,Neutral
7505082.0,118505.0,65,Página web,Muy satisfecho
9872256.0,134622.0,67,Tienda física,Muy satisfecho
5792831.0,97629.0,51,Aplicación,Neutral
5372503.0,128275.0,47,Teléfono,Muy satisfecho
10298118.0,134247.0,77,Tienda física,Muy satisfecho
9701126.0,144053.0,70,Tienda física,Satisfecho
6167108.0,100474.0,62,Tienda física,Insatisfecho
7825411.0,142342.0,52,Página web,Satisfecho
6814375.0,111227.0,55,Teléfono,Insatisfecho
5490015.0,88040.0,54,Página web,Insatisfecho
5665319.0,87569.0,68,Tienda física,Neutral
5103834.0,98339.0,49,Teléfono,Satisfecho
6807491.0,87418.0,83,Tienda física,Neutral
6973777.0,134395.0,59,Aplicación,Satisfecho
8641053.0,161285.0,59,Página web,Muy insatisfecho
9310374.0,158660.0,65,Tienda física,Neutral
3000909.0,64204.0,54,Teléfono,Insatisfecho
7091673.0,106074.0,64,Teléfono,Neutral
12024833.0,170458.0,65,Aplicación,Muy satisfecho
5377739.0,91165.0,62,Página web,Insatisfecho
5094222.0,126156.0,50,Página web,Satisfecho
11798945.0,150532.0,67,Tienda física,Neutral
6388737.0,127138.0,52,Página web,Insatisfecho
10546044.0,118846.0,75,Aplicación,Satisfecho
7876438.0,123122.0,64,Página web,Neutral
5637123.0,90176.0,63,Tienda física,Muy satisfecho
6673612.0,99151.0,69,Tienda física,Satisfecho
10460407.0,148652.0,65,Tienda física,Neutral
11971994.0,171889.0,67,Aplicación,Neutral
9952705.0,155819.0,59,Tienda física,Neutral
7397172.0,106506.0,65,Página web,Muy satisfecho
8727418.0,148143.0,62,Página web,Muy insatisfecho
6676752.0,117222.0,61,Página web,Muy satisfecho
9051217.0,126449.0,64,Página web,Satisfecho
5963790.0,104704.0,55,Aplicación,Neutral
7337503.0,131431.0,60,Página web,Satisfecho
7226333.0,108882.0,64,Tienda física,Neutral
8125242.0,125324.0,69,Página web,Satisfecho
8027433.0,126944.0,66,Aplicación,Neutral
6129121.0,96076.0,72,Tienda física,Muy satisfecho
5597218.0,97983.0,62,Tienda física,Insatisfecho
6165143.0,88375.0,73,Tienda física,Muy satisfecho
10900281.0,145731.0,72,Tienda física,Neutral
5072277.0,71502.0,67,Tienda física,Neutral
3474270.0,52226.0,57,Tienda física,Neutral
3044411.0,63739.0,63,Tienda física,Satisfecho
7111384.0,111010.0,61,Tienda física,Satisfecho
9221357.0,126018.0,67,Aplicación,Satisfecho
8192738.0,153209.0,53,Aplicación,Neutral
7251478.0,149700.0,52,Tienda física,Insatisfecho
6140878.0,103696.0,58,Aplicación,Neutral
8108743.0,134003.0,61,Tienda física,Insatisfecho
9024002.0,133488.0,66,Aplicación,Neutral
6657232.0,99791.0,68,Aplicación,Muy satisfecho
5415644.0,109978.0,55,Aplicación,Satisfecho
8014436.0,132931.0,62,Aplicación,Satisfecho
8688656.0,137667.0,65,Tienda física,Neutral
8536337.0,109314.0,78,Tienda física,Neutral
7769936.0,152782.0,52,Aplicación,Neutral
8872312.0,173895.0,58,Aplicación,Muy satisfecho
7109151.0,116115.0,57,Página web,Muy satisfecho
2534100.0,39285.0,65,Tienda física,Muy satisfecho
7929648.0,127860.0,70,Página web,Muy insatisfecho
7421848.0,135502.0,62,Tienda física,Neutral
2963348.0,46140.0,60,Tienda física,Neutral
6560286.0,100657.0,63,Tienda física,Satisfecho
8621314.0,145892.0,67,Página web,Satisfecho
5510753.0,101809.0,52,Página web,Neutral
6339062.0,99728.0,68,Página web,Neutral
7596253.0,104624.0,64,Aplicación,Neutral
10155083.0,128066.0,74,Página web,Neutral
9277936.0,141602.0,58,Página web,Satisfecho
11637586.0,141112.0,81,Tienda física,Neutral
6678525.0,106736.0,60,Página web,Neutral
7465626.0,143138.0,59,Página web,Neutral
6960795.0,117357.0,66,Tienda física,Muy satisfecho
7347724.0,105067.0,73,Tienda física,Neutral
6541122.0,123742.0,59,Página web,Neutral
8836796.0,132386.0,74,Teléfono,Muy satisfecho
7133199.0,118295.0,64,Tienda física,Satisfecho
11495794.0,151113.0,74,Tienda física,Neutral
8752108.0,135933.0,57,Aplicación,Neutral
7457646.0,126958.0,63,Teléfono,Neutral
7019715.0,111841.0,68,Tienda física,Satisfecho
9527803.0,136633.0,70,Página web,Muy satisfecho
8135048.0,123052.0,63,Página web,Neutral
8866440.0,161757.0,55,Página web,Satisfecho
5773287.0,96914.0,63,Aplicación,Satisfecho
6582711.0,92381.0,73,Tienda física,Satisfecho
7815663.0,149444.0,49,Aplicación,Neutral
8849037.0,173252.0,64,Teléfono,Neutral
8249180.0,124542.0,70,Tienda física,Satisfecho
9360088.0,132373.0,70,Tienda física,Satisfecho
7288712.0,109179.0,69,Tienda física,Neutral
12534213.0,138304.0,81,Tienda física,Insatisfecho
7479856.0,126724.0,57,Tienda física,Muy satisfecho
8141247.0,142020.0,59,Aplicación,Muy satisfecho
7336884.0,125566.0,64,Aplicación,Satisfecho
4115821.0,61148.0,66,Tienda física,Muy satisfecho
7623837.0,109921.0,58,Página web,Neutral
7871900.0,125904.0,66,Aplicación,Satisfecho
5886439.0,118415.0,51,Aplicación,Muy insatisfecho
8318770.0,135438.0,60,Tienda física,Neutral
5764273.0,87929.0,66,Tienda física,Muy satisfecho
8517100.0,131270.0,74,Tienda física,Neutral
7964761.0,133080.0,58,Tienda física,Satisfecho
4713142.0,111463.0,44,Página web,Muy insatisfecho
4195511.0,68047.0,63,Tienda física,Muy satisfecho
6626265.0,106611.0,62,Tienda física,Muy satisfecho
10449146.0,139011.0,78,Tienda física,Insatisfecho
9567875.0,140304.0,66,Página web,Satisfecho
8130265.0,116718.0,69,Aplicación,Neutral
7207355.0,117315.0,66,Aplicación,Satisfecho
6122827.0,102005.0,67,Página web,Satisfecho
6154703.0,133888.0,45,Aplicación,Muy satisfecho
8523892.0,117084.0,68,Página web,Satisfecho
7954724.0,116187.0,65,Página web,Satisfecho
7911884.0,132652.0,64,Tienda física,Muy satisfecho
9472377.0,122283.0,78,Tienda física,Muy satisfecho
5109199.0,113939.0,47,Aplicación,Satisfecho
5900880.0,97446.0,57,Aplicación,Neutral
7534615.0,110531.0,64,Tienda física,Neutral
8034991.0,115360.0,69,Tienda física,Satisfecho
7631356.0,118122.0,74,Tienda física,Satisfecho
6333343.0,97885.0,72,Tienda física,Insatisfecho
5919313.0,114256.0,63,Página web,Satisfecho
7282777.0,139793.0,56,Página web,Satisfecho
6243224.0,91078.0,68,Tienda física,Insatisfecho
6861734.0,118765.0,56,Aplicación,Satisfecho
7427298.0,132213.0,60,Página web,Muy satisfecho
11375348.0,166847.0,68,Aplicación,Neutral
9686266.0,161564.0,60,Tienda física,Muy satisfecho
5526107.0,107875.0,50,Página web,Satisfecho
8601697.0,143925.0,61,Página web,Satisfecho
9057343.0,114452.0,78,Aplicación,Muy satisfecho
4598856.0,113674.0,52,Teléfono,Neutral
8790077.0,149574.0,58,Tienda física,Neutral
5161814.0,91698.0,56,Tienda física,Satisfecho
6978627.0,130211.0,56,Página web,Muy satisfecho
7176203.0,118785.0,60,Aplicación,Satisfecho
6787899.0,103451.0,66,Tienda física,Satisfecho
10439516.0,153615.0,68,Teléfono,Muy satisfecho
6141134.0,146552.0,44,Aplicación,Neutral
8547328.0,130135.0,65,Aplicación,Satisfecho
7091899.0,122302.0,63,Tienda física,Neutral
13122637.0,214947.0,63,Página web,Insatisfecho
9534077.0,181572.0,56,Aplicación,Neutral
9470225.0,165435.0,62,Página web,Insatisfecho
6781606.0,130276.0,48,Teléfono,Insatisfecho
4848532.0,87089.0,57,Página web,Neutral
5015520.0,108671.0,51,Aplicación,Satisfecho
6567032.0,91610.0,63,Página web,Muy satisfecho
5841176.0,134448.0,46,Aplicación,Muy satisfecho
8304033.0,132292.0,67,Tienda física,Neutral
7609817.0,114843.0,67,Página web,Neutral
10594141.0,143184.0,81,Tienda física,Insatisfecho
5993597.0,121850.0,48,Teléfono,Satisfecho
5348827.0,114402.0,49,Aplicación,Neutral
12622467.0,154193.0,73,Tienda física,Satisfecho
4946430.0,75404.0,64,Tienda física,Neutral
7723812.0,138486.0,58,Tienda física,Neutral
11185337.0,157598.0,66,Teléfono,Neutral
10969007.0,149427.0,68,Aplicación,Satisfecho
10079836.0,162974.0,63,Tienda física,Satisfecho
7231687.0,104427.0,67,Página web,Neutral
7507444.0,121254.0,62,Tienda física,Insatisfecho
5528430.0,87839.0,75,Tienda física,Insatisfecho
7020721.0,96705.0,61,Página web,Neutral
8958910.0,127235.0,62,Aplicación,Muy satisfecho
4735545.0,109690.0,41,Página web,Satisfecho
8486837.0,139424.0,60,Tienda física,Insatisfecho
8003125.0,142315.0,59,Página web,Muy satisfecho
8887264.0,143140.0,56,Tienda física,Neutral
10051247.0,159084.0,57,Aplicación,Neutral
9005742.0,149930.0,66,Tienda física,Satisfecho
4175047.0,90919.0,48,Teléfono,Satisfecho
7193618.0,137271.0,54,Aplicación,Neutral
5548736.0,107199.0,53,Página web,Satisfecho
4499043.0,98752.0,58,Tienda física,Neutral
8140063.0,100692.0,77,Tienda física,Neutral
8814014.0,146720.0,57,Aplicación,Satisfecho
9000271.0,138604.0,61,Aplicación,Neutral
9065276.0,150840.0,56,Aplicación,Neutral
8396980.0,124926.0,68,Tienda física,Satisfecho
8635061.0,155494.0,58,Aplicación,Muy satisfecho
6687514.0,108103.0,64,Tienda física,Neutral
8136592.0,131047.0,65,Página web,Neutral
4979772.0,84268.0,64,Tienda física,Muy satisfecho
8804915.0,129557.0,66,Página web,Neutral
6727443.0,129983.0,52,Aplicación,Satisfecho
5610687.0,104589.0,59,Página web,Satisfecho
7072237.0,104372.0,69,Tienda física,Neutral
8687859.0,139779.0,58,Aplicación,Muy satisfecho
8894945.0,140254.0,62,Tienda física,Satisfecho
5063458.0,96823.0,52,Página web,Satisfecho
6590258.0,125359.0,49,Aplicación,Insatisfecho
4869702.0,94059.0,52,Tienda física,Satisfecho
6288918.0,112431.0,52,Página web,Satisfecho
9201640.0,134821.0,64,Página web,Neutral
